county,state,ev_market_penetration
Yakutat City and Borough,AK,0.25
Skagway Municipality,AK,0.12
Juneau City and Borough,AK,0.08
Aleutians West Census Area,AK,0.06
Sitka City and Borough,AK,0.05
Wrangell City and Borough,AK,0.05
Anchorage Municipality,AK,0.04
Yukon-Koyukuk Census Area,AK,0.04
Denali Borough,AK,0.03
Ketchikan Gateway Borough,AK,0.03
Matanuska-Susitna Borough,AK,0.03
Kodiak Island Borough,AK,0.02
Kenai Peninsula Borough,AK,0.02
Petersburg Borough,AK,0.02
Nome Census Area,AK,0.02
Fairbanks North Star Borough,AK,0.02
Southeast Fairbanks Census Area,AK,0.02
Bethel Census Area,AK,0.01
Kusilvak Census Area,AK,0
Haines Borough,AK,0
Dillingham Census Area,AK,0
Valdez-Cordova Census Area,AK,0
Bristol Bay Borough,AK,0
Northwest Arctic Borough,AK,0
Aleutians East Borough,AK,0
North Slope Borough,AK,0
Lake and Peninsula Borough,AK,0
Prince of Wales-Hyder Census Area,AK,0
Hoonah-Angoon Census Area,AK,0
Madison,AL,0.04
Jefferson,AL,0.03
Shelby,AL,0.03
Lee,AL,0.03
DeKalb,AL,0.02
Montgomery,AL,0.02
Limestone,AL,0.02
Dale,AL,0.02
Baldwin,AL,0.02
Mobile,AL,0.02
Jackson,AL,0.02
Autauga,AL,0.02
Winston,AL,0.02
Houston,AL,0.02
St. Clair,AL,0.02
Coosa,AL,0.02
Cullman,AL,0.01
Lauderdale,AL,0.01
Marshall,AL,0.01
Colbert,AL,0.01
Coffee,AL,0.01
Morgan,AL,0.01
Tallapoosa,AL,0.01
Elmore,AL,0.01
Conecuh,AL,0.01
Barbour,AL,0.01
Talladega,AL,0.01
Etowah,AL,0.01
Tuscaloosa,AL,0.01
Russell,AL,0.01
Calhoun,AL,0.01
Pike,AL,0.01
Bullock,AL,0.01
Randolph,AL,0.01
Franklin,AL,0.01
Walker,AL,0.01
Cleburne,AL,0.01
Pickens,AL,0.01
Bibb,AL,0.01
Cherokee,AL,0.01
Chilton,AL,0.01
Blount,AL,0.01
Chambers,AL,0.01
Choctaw,AL,0.01
Henry,AL,0.01
Macon,AL,0.01
Monroe,AL,0.01
Covington,AL,0
Clay,AL,0
Marengo,AL,0
Crenshaw,AL,0
Fayette,AL,0
Lawrence,AL,0
Geneva,AL,0
Wilcox,AL,0
Sumter,AL,0
Lowndes,AL,0
Washington,AL,0
Butler,AL,0
Escambia,AL,0
Marion,AL,0
Dallas,AL,0
Hale,AL,0
Greene,AL,0
Lamar,AL,0
Perry,AL,0
Clarke,AL,0
Benton,AR,0.04
Washington,AR,0.03
Pulaski,AR,0.03
Marion,AR,0.02
Carroll,AR,0.02
Sebastian,AR,0.02
Faulkner,AR,0.02
Craighead,AR,0.02
Garland,AR,0.02
Baxter,AR,0.01
Pope,AR,0.01
Saline,AR,0.01
Independence,AR,0.01
Miller,AR,0.01
Woodruff,AR,0.01
Crittenden,AR,0.01
Lonoke,AR,0.01
Yell,AR,0.01
Franklin,AR,0.01
Prairie,AR,0.01
Phillips,AR,0.01
Newton,AR,0.01
Cleburne,AR,0.01
Greene,AR,0.01
Montgomery,AR,0.01
Fulton,AR,0.01
Cross,AR,0.01
Ouachita,AR,0.01
White,AR,0.01
Boone,AR,0.01
Jefferson,AR,0.01
Hempstead,AR,0.01
Sevier,AR,0.01
Polk,AR,0.01
Johnson,AR,0.01
Jackson,AR,0.01
Madison,AR,0.01
Dallas,AR,0.01
Perry,AR,0.01
Crawford,AR,0.01
Searcy,AR,0.01
Stone,AR,0.01
Grant,AR,0.01
Hot Spring,AR,0.01
Arkansas,AR,0.01
Monroe,AR,0.01
Lee,AR,0
Sharp,AR,0
Van Buren,AR,0
Scott,AR,0
Randolph,AR,0
Lawrence,AR,0
Clark,AR,0
St. Francis,AR,0
Poinsett,AR,0
Columbia,AR,0
Union,AR,0
Mississippi,AR,0
Little River,AR,0
Ashley,AR,0
Chicot,AR,0
Izard,AR,0
Howard,AR,0
Logan,AR,0
Clay,AR,0
Desha,AR,0
Conway,AR,0
Bradley,AR,0
Cleveland,AR,0
Nevada,AR,0
Pike,AR,0
Calhoun,AR,0
Lafayette,AR,0
Drew,AR,0
Lincoln,AR,0
Maricopa,AZ,0.09
Pima,AZ,0.07
Yavapai,AZ,0.05
Coconino,AZ,0.05
Pinal,AZ,0.05
Cochise,AZ,0.03
Gila,AZ,0.03
Santa Cruz,AZ,0.03
Mohave,AZ,0.03
Yuma,AZ,0.02
La Paz,AZ,0.02
Greenlee,AZ,0.02
Graham,AZ,0.02
Navajo,AZ,0.02
Apache,AZ,0
Santa Clara,CA,0.35
Marin,CA,0.34
Alameda,CA,0.32
San Mateo,CA,0.32
San Francisco,CA,0.29
Contra Costa,CA,0.26
Orange,CA,0.24
Santa Cruz,CA,0.22
Napa,CA,0.21
Placer,CA,0.2
Ventura,CA,0.2
San Diego,CA,0.19
Sonoma,CA,0.19
Los Angeles,CA,0.19
Yolo,CA,0.18
Sacramento,CA,0.17
San Luis Obispo,CA,0.17
El Dorado,CA,0.17
Solano,CA,0.16
San Benito,CA,0.16
San Joaquin,CA,0.16
Nevada,CA,0.16
Santa Barbara,CA,0.15
Alpine,CA,0.15
Monterey,CA,0.14
Riverside,CA,0.13
San Bernardino,CA,0.12
Humboldt,CA,0.11
Mono,CA,0.11
Fresno,CA,0.1
Mendocino,CA,0.1
Mariposa,CA,0.1
Stanislaus,CA,0.1
Sutter,CA,0.09
Calaveras,CA,0.09
Yuba,CA,0.09
Tuolumne,CA,0.08
Amador,CA,0.08
Butte,CA,0.08
Shasta,CA,0.08
Merced,CA,0.08
Madera,CA,0.08
Lake,CA,0.08
Kern,CA,0.07
Inyo,CA,0.06
Siskiyou,CA,0.06
Kings,CA,0.06
Trinity,CA,0.06
Tulare,CA,0.05
Plumas,CA,0.05
Tehama,CA,0.04
Sierra,CA,0.04
Glenn,CA,0.04
Del Norte,CA,0.04
Colusa,CA,0.04
Imperial,CA,0.03
Lassen,CA,0.02
Modoc,CA,0.01
Boulder,CO,0.22
San Juan,CO,0.15
Broomfield,CO,0.15
Pitkin,CO,0.15
Denver,CO,0.14
Douglas,CO,0.13
Summit,CO,0.12
Eagle,CO,0.12
Jefferson,CO,0.12
Ouray,CO,0.12
Larimer,CO,0.12
Clear Creek,CO,0.11
Arapahoe,CO,0.11
Gilpin,CO,0.11
San Miguel,CO,0.1
La Plata,CO,0.09
Chaffee,CO,0.09
El Paso,CO,0.08
Routt,CO,0.08
Huerfano,CO,0.08
Grand,CO,0.08
Adams,CO,0.07
Gunnison,CO,0.07
Garfield,CO,0.07
Elbert,CO,0.07
Saguache,CO,0.07
Park,CO,0.07
Hinsdale,CO,0.06
Weld,CO,0.06
Teller,CO,0.05
Jackson,CO,0.05
Custer,CO,0.05
Delta,CO,0.05
Lake,CO,0.05
Mesa,CO,0.04
Costilla,CO,0.04
Pueblo,CO,0.04
Montezuma,CO,0.04
Archuleta,CO,0.04
Montrose,CO,0.03
Fremont,CO,0.03
Cheyenne,CO,0.03
Logan,CO,0.03
Mineral,CO,0.03
Conejos,CO,0.03
Morgan,CO,0.02
Alamosa,CO,0.02
Kiowa,CO,0.02
Las Animas,CO,0.02
Phillips,CO,0.02
Lincoln,CO,0.02
Kit Carson,CO,0.02
Washington,CO,0.02
Bent,CO,0.02
Prowers,CO,0.01
Otero,CO,0.01
Rio Blanco,CO,0.01
Moffat,CO,0.01
Yuma,CO,0.01
Rio Grande,CO,0.01
Dolores,CO,0
Baca,CO,0
Sedgwick,CO,0
Crowley,CO,0
Fairfield,CT,0.09
Middlesex,CT,0.06
Hartford,CT,0.06
Tolland,CT,0.06
New London,CT,0.06
New Haven,CT,0.06
Litchfield,CT,0.05
Windham,CT,0.04
District of Columbia,DC,0.15
New Castle,DE,0.07
Sussex,DE,0.05
Kent,DE,0.04
Palm Beach,FL,0.08
Orange,FL,0.08
St. Johns,FL,0.07
Seminole,FL,0.07
Alachua,FL,0.07
Broward,FL,0.07
Sarasota,FL,0.07
Hillsborough,FL,0.07
Miami-Dade,FL,0.06
Collier,FL,0.06
Manatee,FL,0.06
Pinellas,FL,0.06
Martin,FL,0.06
Brevard,FL,0.05
Walton,FL,0.05
Pasco,FL,0.05
Monroe,FL,0.05
Lake,FL,0.05
Duval,FL,0.04
Leon,FL,0.04
Nassau,FL,0.04
Lee,FL,0.04
Indian River,FL,0.04
Charlotte,FL,0.04
Flagler,FL,0.04
Osceola,FL,0.04
St. Lucie,FL,0.04
Volusia,FL,0.04
Polk,FL,0.03
Sumter,FL,0.03
Okaloosa,FL,0.03
Citrus,FL,0.03
Marion,FL,0.03
Escambia,FL,0.03
Clay,FL,0.03
Hernando,FL,0.03
Santa Rosa,FL,0.03
Bay,FL,0.03
DeSoto,FL,0.02
Franklin,FL,0.02
Liberty,FL,0.02
Hendry,FL,0.02
Okeechobee,FL,0.02
Highlands,FL,0.02
Columbia,FL,0.02
Jefferson,FL,0.02
Putnam,FL,0.02
Gulf,FL,0.02
Glades,FL,0.02
Gadsden,FL,0.02
Levy,FL,0.02
Wakulla,FL,0.01
Holmes,FL,0.01
Gilchrist,FL,0.01
Taylor,FL,0.01
Suwannee,FL,0.01
Washington,FL,0.01
Dixie,FL,0.01
Baker,FL,0.01
Hamilton,FL,0.01
Jackson,FL,0.01
Lafayette,FL,0.01
Madison,FL,0.01
Calhoun,FL,0.01
Bradford,FL,0
Hardee,FL,0
Union,FL,0
Fulton,GA,0.11
Forsyth,GA,0.1
DeKalb,GA,0.09
Cobb,GA,0.08
Fayette,GA,0.08
Gwinnett,GA,0.07
Greene,GA,0.06
Oconee,GA,0.05
Cherokee,GA,0.05
Clarke,GA,0.04
Coweta,GA,0.04
Douglas,GA,0.04
Bryan,GA,0.04
Columbia,GA,0.04
Chatham,GA,0.04
Hall,GA,0.04
Henry,GA,0.04
Morgan,GA,0.03
Harris,GA,0.03
Muscogee,GA,0.03
Glynn,GA,0.03
Monroe,GA,0.03
Barrow,GA,0.03
Jackson,GA,0.03
Paulding,GA,0.03
Bartow,GA,0.03
Fannin,GA,0.03
Rockdale,GA,0.03
Dawson,GA,0.03
Lumpkin,GA,0.03
Bibb,GA,0.03
Troup,GA,0.02
Floyd,GA,0.02
Clayton,GA,0.02
Houston,GA,0.02
Gilmer,GA,0.02
Habersham,GA,0.02
Pickens,GA,0.02
Newton,GA,0.02
Spalding,GA,0.02
Walton,GA,0.02
Carroll,GA,0.02
Camden,GA,0.02
Putnam,GA,0.02
Lee,GA,0.02
Sumter,GA,0.02
Rabun,GA,0.02
Peach,GA,0.02
Gordon,GA,0.02
Catoosa,GA,0.02
Dooly,GA,0.02
Madison,GA,0.02
Chattahoochee,GA,0.02
Union,GA,0.02
Richmond,GA,0.02
Towns,GA,0.02
Hart,GA,0.02
Liberty,GA,0.02
White,GA,0.02
Whitfield,GA,0.02
Clay,GA,0.02
Irwin,GA,0.02
Effingham,GA,0.02
Pulaski,GA,0.02
Candler,GA,0.02
Bulloch,GA,0.02
Banks,GA,0.01
Baldwin,GA,0.01
Walker,GA,0.01
Lamar,GA,0.01
Jasper,GA,0.01
Stewart,GA,0.01
Macon,GA,0.01
Meriwether,GA,0.01
Tift,GA,0.01
Lowndes,GA,0.01
Pike,GA,0.01
Stephens,GA,0.01
Randolph,GA,0.01
Taylor,GA,0.01
Ware,GA,0.01
Dougherty,GA,0.01
Chattooga,GA,0.01
Butts,GA,0.01
McIntosh,GA,0.01
Pierce,GA,0.01
Lincoln,GA,0.01
Cook,GA,0.01
Toombs,GA,0.01
Haralson,GA,0.01
Elbert,GA,0.01
Oglethorpe,GA,0.01
Franklin,GA,0.01
McDuffie,GA,0.01
Marion,GA,0.01
Coffee,GA,0.01
Jones,GA,0.01
Treutlen,GA,0.01
Jenkins,GA,0.01
Murray,GA,0.01
Dade,GA,0.01
Laurens,GA,0.01
Colquitt,GA,0.01
Evans,GA,0.01
Thomas,GA,0.01
Decatur,GA,0.01
Appling,GA,0.01
Grady,GA,0.01
Wayne,GA,0.01
Johnson,GA,0.01
Wilkes,GA,0.01
Echols,GA,0.01
Worth,GA,0.01
Mitchell,GA,0.01
Schley,GA,0.01
Crisp,GA,0.01
Long,GA,0.01
Talbot,GA,0.01
Emanuel,GA,0.01
Tattnall,GA,0.01
Polk,GA,0.01
Bleckley,GA,0.01
Burke,GA,0.01
Crawford,GA,0.01
Clinch,GA,0.01
Screven,GA,0.01
Ben Hill,GA,0.01
Jeff Davis,GA,0.01
Charlton,GA,0
Brooks,GA,0
Dodge,GA,0
Wilcox,GA,0
Twiggs,GA,0
Atkinson,GA,0
Telfair,GA,0
Early,GA,0
Terrell,GA,0
Wilkinson,GA,0
Lanier,GA,0
Turner,GA,0
Bacon,GA,0
Montgomery,GA,0
Upson,GA,0
Heard,GA,0
Jefferson,GA,0
Washington,GA,0
Berrien,GA,0
Hancock,GA,0
Baker,GA,0
Brantley,GA,0
Miller,GA,0
Taliaferro,GA,0
Warren,GA,0
Wheeler,GA,0
Calhoun,GA,0
Quitman,GA,0
Seminole,GA,0
Glascock,GA,0
Webster,GA,0
Honolulu,HI,0.11
Maui,HI,0.08
Hawaii,HI,0.07
Kauai,HI,0.06
Kalawao,HI,0
Johnson,IA,0.06
Jefferson,IA,0.05
Dallas,IA,0.05
Story,IA,0.04
Linn,IA,0.04
Polk,IA,0.04
Scott,IA,0.03
Warren,IA,0.03
Iowa,IA,0.03
Black Hawk,IA,0.03
Jasper,IA,0.03
Wayne,IA,0.02
Boone,IA,0.02
Muscatine,IA,0.02
Dubuque,IA,0.02
Butler,IA,0.02
Washington,IA,0.02
Pottawattamie,IA,0.02
Winneshiek,IA,0.02
Cedar,IA,0.02
Mills,IA,0.02
Palo Alto,IA,0.02
Madison,IA,0.02
Poweshiek,IA,0.02
Bremer,IA,0.02
Marshall,IA,0.02
Winnebago,IA,0.02
Hamilton,IA,0.02
Buena Vista,IA,0.02
Marion,IA,0.02
Harrison,IA,0.02
Humboldt,IA,0.02
Buchanan,IA,0.01
Appanoose,IA,0.01
Adams,IA,0.01
Dickinson,IA,0.01
Wapello,IA,0.01
Franklin,IA,0.01
Fayette,IA,0.01
Mahaska,IA,0.01
Jones,IA,0.01
Lee,IA,0.01
Henry,IA,0.01
Webster,IA,0.01
Des Moines,IA,0.01
Tama,IA,0.01
Jackson,IA,0.01
Van Buren,IA,0.01
Cherokee,IA,0.01
Cass,IA,0.01
Fremont,IA,0.01
Plymouth,IA,0.01
Cerro Gordo,IA,0.01
Ringgold,IA,0.01
Union,IA,0.01
Osceola,IA,0.01
Clinton,IA,0.01
Delaware,IA,0.01
Lucas,IA,0.01
Benton,IA,0.01
Sioux,IA,0.01
Howard,IA,0.01
Woodbury,IA,0.01
Carroll,IA,0.01
Greene,IA,0.01
Page,IA,0.01
O'Brien,IA,0.01
Kossuth,IA,0.01
Clay,IA,0.01
Ida,IA,0.01
Guthrie,IA,0.01
Mitchell,IA,0.01
Taylor,IA,0.01
Hardin,IA,0.01
Adair,IA,0.01
Audubon,IA,0.01
Decatur,IA,0.01
Clayton,IA,0.01
Crawford,IA,0.01
Shelby,IA,0
Floyd,IA,0
Clarke,IA,0
Monroe,IA,0
Worth,IA,0
Grundy,IA,0
Sac,IA,0
Emmet,IA,0
Montgomery,IA,0
Keokuk,IA,0
Monona,IA,0
Lyon,IA,0
Louisa,IA,0
Wright,IA,0
Hancock,IA,0
Calhoun,IA,0
Chickasaw,IA,0
Allamakee,IA,0
Davis,IA,0
Pocahontas,IA,0
Blaine,ID,0.06
Ada,ID,0.06
Boise,ID,0.06
Valley,ID,0.05
Elmore,ID,0.05
Camas,ID,0.05
Latah,ID,0.04
Power,ID,0.03
Bannock,ID,0.03
Oneida,ID,0.03
Teton,ID,0.03
Kootenai,ID,0.03
Bingham,ID,0.03
Bonneville,ID,0.03
Bonner,ID,0.03
Canyon,ID,0.03
Jefferson,ID,0.03
Boundary,ID,0.03
Bear Lake,ID,0.03
Twin Falls,ID,0.03
Washington,ID,0.02
Gem,ID,0.02
Madison,ID,0.02
Franklin,ID,0.02
Cassia,ID,0.02
Owyhee,ID,0.02
Jerome,ID,0.02
Minidoka,ID,0.02
Payette,ID,0.02
Clearwater,ID,0.01
Caribou,ID,0.01
Shoshone,ID,0.01
Fremont,ID,0.01
Nez Perce,ID,0.01
Lemhi,ID,0.01
Custer,ID,0.01
Gooding,ID,0.01
Benewah,ID,0.01
Lincoln,ID,0.01
Idaho,ID,0.01
Adams,ID,0.01
Butte,ID,0
Lewis,ID,0
Clark,ID,0
Lake,IL,0.09
DuPage,IL,0.08
McLean,IL,0.08
Cook,IL,0.07
Champaign,IL,0.06
Kane,IL,0.06
Will,IL,0.05
McHenry,IL,0.05
Kendall,IL,0.05
Peoria,IL,0.04
Woodford,IL,0.04
Tazewell,IL,0.04
St. Clair,IL,0.04
Sangamon,IL,0.04
Boone,IL,0.04
Winnebago,IL,0.04
Jackson,IL,0.04
DeKalb,IL,0.04
Monroe,IL,0.04
Piatt,IL,0.03
Madison,IL,0.03
Ford,IL,0.03
Clark,IL,0.03
Coles,IL,0.03
Ogle,IL,0.02
Stark,IL,0.02
Macon,IL,0.02
Jefferson,IL,0.02
Logan,IL,0.02
Jo Daviess,IL,0.02
Adams,IL,0.02
Hancock,IL,0.02
Marshall,IL,0.02
Kankakee,IL,0.02
Menard,IL,0.02
Grundy,IL,0.02
Mason,IL,0.02
Bond,IL,0.02
Lee,IL,0.02
Rock Island,IL,0.02
Macoupin,IL,0.02
Jersey,IL,0.02
Saline,IL,0.02
Iroquois,IL,0.02
LaSalle,IL,0.02
Stephenson,IL,0.02
McDonough,IL,0.02
Jasper,IL,0.02
Fayette,IL,0.02
Fulton,IL,0.02
Greene,IL,0.02
Vermilion,IL,0.02
Livingston,IL,0.02
Whiteside,IL,0.02
Clinton,IL,0.02
Putnam,IL,0.02
Christian,IL,0.02
Crawford,IL,0.02
Effingham,IL,0.02
Williamson,IL,0.02
De Witt,IL,0.01
Henry,IL,0.01
Washington,IL,0.01
Union,IL,0.01
Edgar,IL,0.01
Douglas,IL,0.01
Morgan,IL,0.01
Lawrence,IL,0.01
Marion,IL,0.01
Bureau,IL,0.01
Shelby,IL,0.01
Massac,IL,0.01
Hardin,IL,0.01
Henderson,IL,0.01
Cumberland,IL,0.01
Knox,IL,0.01
Moultrie,IL,0.01
Carroll,IL,0.01
Clay,IL,0.01
White,IL,0.01
Montgomery,IL,0.01
Warren,IL,0.01
Pope,IL,0.01
Franklin,IL,0.01
Mercer,IL,0.01
Randolph,IL,0.01
Pike,IL,0.01
Richland,IL,0.01
Scott,IL,0.01
Wabash,IL,0.01
Brown,IL,0.01
Edwards,IL,0.01
Perry,IL,0.01
Cass,IL,0
Hamilton,IL,0
Johnson,IL,0
Wayne,IL,0
Pulaski,IL,0
Alexander,IL,0
Gallatin,IL,0
Calhoun,IL,0
Schuyler,IL,0
Hamilton,IN,0.07
Boone,IN,0.07
Monroe,IN,0.06
Tippecanoe,IN,0.04
Marion,IN,0.04
Allen,IN,0.04
St. Joseph,IN,0.03
Floyd,IN,0.03
Porter,IN,0.03
Steuben,IN,0.03
Hendricks,IN,0.03
Clark,IN,0.03
Bartholomew,IN,0.03
Johnson,IN,0.03
Kosciusko,IN,0.03
Warrick,IN,0.03
Wabash,IN,0.03
Lake,IN,0.03
Adams,IN,0.03
Harrison,IN,0.03
LaPorte,IN,0.03
Hancock,IN,0.02
Dubois,IN,0.02
Knox,IN,0.02
Vigo,IN,0.02
Union,IN,0.02
DeKalb,IN,0.02
Jasper,IN,0.02
Howard,IN,0.02
Marshall,IN,0.02
Elkhart,IN,0.02
Vanderburgh,IN,0.02
Noble,IN,0.02
Franklin,IN,0.02
Lawrence,IN,0.02
Wells,IN,0.02
Washington,IN,0.02
Brown,IN,0.02
Pulaski,IN,0.02
Whitley,IN,0.02
Putnam,IN,0.02
Shelby,IN,0.02
Cass,IN,0.02
White,IN,0.02
Sullivan,IN,0.02
Wayne,IN,0.02
Perry,IN,0.02
Grant,IN,0.02
Delaware,IN,0.02
Dearborn,IN,0.02
Morgan,IN,0.02
Fayette,IN,0.02
Miami,IN,0.02
Starke,IN,0.02
Crawford,IN,0.02
Scott,IN,0.02
Jay,IN,0.02
Huntington,IN,0.02
Owen,IN,0.02
Henry,IN,0.02
Benton,IN,0.02
Rush,IN,0.02
Daviess,IN,0.02
Ripley,IN,0.01
Posey,IN,0.01
Clinton,IN,0.01
Carroll,IN,0.01
Orange,IN,0.01
Tipton,IN,0.01
Madison,IN,0.01
Fulton,IN,0.01
Jackson,IN,0.01
LaGrange,IN,0.01
Decatur,IN,0.01
Jefferson,IN,0.01
Gibson,IN,0.01
Greene,IN,0.01
Fountain,IN,0.01
Pike,IN,0.01
Martin,IN,0.01
Randolph,IN,0.01
Switzerland,IN,0.01
Vermillion,IN,0.01
Newton,IN,0.01
Montgomery,IN,0.01
Clay,IN,0.01
Ohio,IN,0.01
Parke,IN,0.01
Blackford,IN,0
Warren,IN,0
Spencer,IN,0
Jennings,IN,0
Johnson,KS,0.07
Douglas,KS,0.06
Greeley,KS,0.03
Sedgwick,KS,0.03
Saline,KS,0.03
Trego,KS,0.03
Butler,KS,0.03
Barber,KS,0.03
Leavenworth,KS,0.03
Graham,KS,0.03
Shawnee,KS,0.03
Miami,KS,0.02
Wyandotte,KS,0.02
Atchison,KS,0.02
Clark,KS,0.02
Riley,KS,0.02
Elk,KS,0.02
Lincoln,KS,0.02
Chase,KS,0.02
Morris,KS,0.02
Gray,KS,0.02
Seward,KS,0.02
Crawford,KS,0.02
Osage,KS,0.02
Rice,KS,0.02
Wilson,KS,0.02
Harvey,KS,0.02
Harper,KS,0.02
Reno,KS,0.02
McPherson,KS,0.02
Pottawatomie,KS,0.02
Rawlins,KS,0.02
Cheyenne,KS,0.02
Lyon,KS,0.02
Thomas,KS,0.02
Sumner,KS,0.02
Osborne,KS,0.02
Republic,KS,0.02
Woodson,KS,0.02
Linn,KS,0.02
Logan,KS,0.02
Bourbon,KS,0.02
Wichita,KS,0.01
Cowley,KS,0.01
Ellis,KS,0.01
Jewell,KS,0.01
Brown,KS,0.01
Neosho,KS,0.01
Grant,KS,0.01
Geary,KS,0.01
Jackson,KS,0.01
Smith,KS,0.01
Mitchell,KS,0.01
Labette,KS,0.01
Jefferson,KS,0.01
Meade,KS,0.01
Pratt,KS,0.01
Cherokee,KS,0.01
Ellsworth,KS,0.01
Ford,KS,0.01
Dickinson,KS,0.01
Haskell,KS,0.01
Sherman,KS,0.01
Ottawa,KS,0.01
Pawnee,KS,0.01
Scott,KS,0.01
Marshall,KS,0.01
Wabaunsee,KS,0.01
Finney,KS,0.01
Franklin,KS,0.01
Stevens,KS,0.01
Cloud,KS,0.01
Allen,KS,0.01
Marion,KS,0
Coffey,KS,0
Montgomery,KS,0
Barton,KS,0
Doniphan,KS,0
Kingman,KS,0
Ness,KS,0
Wallace,KS,0
Comanche,KS,0
Hodgeman,KS,0
Kiowa,KS,0
Lane,KS,0
Gove,KS,0
Greenwood,KS,0
Stafford,KS,0
Clay,KS,0
Nemaha,KS,0
Phillips,KS,0
Kearny,KS,0
Rooks,KS,0
Washington,KS,0
Russell,KS,0
Morton,KS,0
Stanton,KS,0
Anderson,KS,0
Edwards,KS,0
Norton,KS,0
Sheridan,KS,0
Hamilton,KS,0
Decatur,KS,0
Chautauqua,KS,0
Rush,KS,0
Oldham,KY,0.07
Lee,KY,0.05
Jefferson,KY,0.04
Fayette,KY,0.04
Woodford,KY,0.04
Campbell,KY,0.03
Boone,KY,0.03
Warren,KY,0.03
Jessamine,KY,0.03
Spencer,KY,0.03
Kenton,KY,0.03
Shelby,KY,0.03
Simpson,KY,0.02
Bullitt,KY,0.02
Scott,KY,0.02
Hardin,KY,0.02
Franklin,KY,0.02
Nelson,KY,0.02
Gallatin,KY,0.02
Wayne,KY,0.02
Bourbon,KY,0.02
Larue,KY,0.02
Hickman,KY,0.02
Nicholas,KY,0.02
Madison,KY,0.02
Hart,KY,0.02
Clark,KY,0.02
Mercer,KY,0.02
Christian,KY,0.02
Calloway,KY,0.02
Estill,KY,0.02
Livingston,KY,0.02
Allen,KY,0.02
Montgomery,KY,0.02
Boyle,KY,0.02
Trigg,KY,0.02
Breckinridge,KY,0.02
Meade,KY,0.01
Pulaski,KY,0.01
Edmonson,KY,0.01
Greenup,KY,0.01
McCracken,KY,0.01
Metcalfe,KY,0.01
Daviess,KY,0.01
Fulton,KY,0.01
Garrard,KY,0.01
Boyd,KY,0.01
Barren,KY,0.01
Mason,KY,0.01
Rowan,KY,0.01
Carroll,KY,0.01
Hopkins,KY,0.01
Floyd,KY,0.01
Powell,KY,0.01
Crittenden,KY,0.01
Todd,KY,0.01
Bracken,KY,0.01
Lyon,KY,0.01
Grayson,KY,0.01
Laurel,KY,0.01
Caldwell,KY,0.01
Casey,KY,0.01
Henderson,KY,0.01
Jackson,KY,0.01
Taylor,KY,0.01
Carter,KY,0.01
Harrison,KY,0.01
Grant,KY,0.01
Marion,KY,0.01
Logan,KY,0.01
Menifee,KY,0.01
Pendleton,KY,0.01
McLean,KY,0.01
Marshall,KY,0.01
Washington,KY,0.01
Elliott,KY,0.01
Fleming,KY,0.01
Cumberland,KY,0.01
Knox,KY,0.01
Lewis,KY,0.01
Martin,KY,0.01
Anderson,KY,0.01
Monroe,KY,0.01
Johnson,KY,0.01
Lincoln,KY,0.01
Harlan,KY,0.01
Wolfe,KY,0.01
Clinton,KY,0.01
Russell,KY,0.01
Bell,KY,0.01
Hancock,KY,0.01
Graves,KY,0.01
Green,KY,0
Ballard,KY,0
Lawrence,KY,0
Morgan,KY,0
Trimble,KY,0
Magoffin,KY,0
Butler,KY,0
Pike,KY,0
Bath,KY,0
Muhlenberg,KY,0
Breathitt,KY,0
Webster,KY,0
Owen,KY,0
Letcher,KY,0
Whitley,KY,0
Adair,KY,0
Clay,KY,0
Union,KY,0
Perry,KY,0
Ohio,KY,0
Knott,KY,0
Henry,KY,0
Leslie,KY,0
Owsley,KY,0
McCreary,KY,0
Rockcastle,KY,0
Robertson,KY,0
Carlisle,KY,0
Orleans,LA,0.04
East Baton Rouge,LA,0.02
Plaquemines,LA,0.02
St. Tammany,LA,0.02
Caddo,LA,0.02
Jefferson,LA,0.02
Lafayette,LA,0.01
Ascension,LA,0.01
Tensas,LA,0.01
St. Charles,LA,0.01
Cameron,LA,0.01
St. Bernard,LA,0.01
Allen,LA,0.01
Calcasieu,LA,0.01
Bossier,LA,0.01
Ouachita,LA,0.01
Lincoln,LA,0.01
Tangipahoa,LA,0.01
Richland,LA,0.01
Morehouse,LA,0.01
West Feliciana,LA,0.01
Vernon,LA,0.01
Livingston,LA,0.01
Vermilion,LA,0.01
St. John the Baptist,LA,0.01
Franklin,LA,0.01
Beauregard,LA,0.01
Rapides,LA,0.01
Caldwell,LA,0.01
St. Landry,LA,0.01
Jefferson Davis,LA,0.01
Natchitoches,LA,0
St. James,LA,0
Iberville,LA,0
Acadia,LA,0
Terrebonne,LA,0
Lafourche,LA,0
Concordia,LA,0
Webster,LA,0
LaSalle,LA,0
Iberia,LA,0
Sabine,LA,0
West Baton Rouge,LA,0
Catahoula,LA,0
Washington,LA,0
Pointe Coupee,LA,0
St. Helena,LA,0
St. Martin,LA,0
Grant,LA,0
Avoyelles,LA,0
West Carroll,LA,0
Madison,LA,0
St. Mary,LA,0
Winn,LA,0
Claiborne,LA,0
Jackson,LA,0
Evangeline,LA,0
De Soto,LA,0
East Feliciana,LA,0
Union,LA,0
Assumption,LA,0
Red River,LA,0
East Carroll,LA,0
Bienville,LA,0
Middlesex,MA,0.12
Dukes,MA,0.11
Hampshire,MA,0.11
Franklin,MA,0.1
Norfolk,MA,0.09
Suffolk,MA,0.08
Nantucket,MA,0.07
Essex,MA,0.06
Berkshire,MA,0.06
Barnstable,MA,0.06
Worcester,MA,0.06
Plymouth,MA,0.05
Bristol,MA,0.04
Hampden,MA,0.04
Howard,MD,0.15
Montgomery,MD,0.14
Frederick,MD,0.09
Anne Arundel,MD,0.08
Talbot,MD,0.07
Baltimore,MD,0.07
Calvert,MD,0.06
Baltimore,MD,0.06
Prince George's,MD,0.06
Queen Anne's,MD,0.05
Carroll,MD,0.05
Charles,MD,0.05
Harford,MD,0.05
St. Mary's,MD,0.04
Worcester,MD,0.04
Kent,MD,0.04
Cecil,MD,0.03
Washington,MD,0.03
Wicomico,MD,0.03
Allegany,MD,0.02
Dorchester,MD,0.02
Caroline,MD,0.02
Garrett,MD,0.02
Somerset,MD,0.01
Cumberland,ME,0.09
Knox,ME,0.07
Hancock,ME,0.06
Sagadahoc,ME,0.06
Waldo,ME,0.06
Lincoln,ME,0.06
York,ME,0.04
Kennebec,ME,0.04
Oxford,ME,0.03
Franklin,ME,0.03
Androscoggin,ME,0.03
Penobscot,ME,0.03
Somerset,ME,0.02
Piscataquis,ME,0.01
Aroostook,ME,0.01
Washington,ME,0.01
Washtenaw,MI,0.08
Kalamazoo,MI,0.05
Kent,MI,0.04
Leelanau,MI,0.04
Oakland,MI,0.04
Ottawa,MI,0.04
Barry,MI,0.04
Ingham,MI,0.04
Berrien,MI,0.04
Allegan,MI,0.03
Grand Traverse,MI,0.03
Van Buren,MI,0.03
Emmet,MI,0.03
Midland,MI,0.03
Charlevoix,MI,0.03
Livingston,MI,0.03
Benzie,MI,0.02
Mecosta,MI,0.02
Wayne,MI,0.02
Clinton,MI,0.02
Muskegon,MI,0.02
Calhoun,MI,0.02
Eaton,MI,0.02
Oceana,MI,0.02
Cass,MI,0.02
Monroe,MI,0.02
Jackson,MI,0.02
Branch,MI,0.02
Shiawassee,MI,0.02
Mason,MI,0.02
Genesee,MI,0.02
Ionia,MI,0.02
Macomb,MI,0.02
Lenawee,MI,0.02
Antrim,MI,0.02
Montcalm,MI,0.02
Saginaw,MI,0.02
Lake,MI,0.01
Isabella,MI,0.01
Menominee,MI,0.01
St. Clair,MI,0.01
Cheboygan,MI,0.01
Manistee,MI,0.01
Lapeer,MI,0.01
Marquette,MI,0.01
St. Joseph,MI,0.01
Keweenaw,MI,0.01
Dickinson,MI,0.01
Kalkaska,MI,0.01
Clare,MI,0.01
Gladwin,MI,0.01
Houghton,MI,0.01
Sanilac,MI,0.01
Crawford,MI,0.01
Ogemaw,MI,0.01
Newaygo,MI,0.01
Gogebic,MI,0.01
Hillsdale,MI,0.01
Luce,MI,0.01
Gratiot,MI,0.01
Alpena,MI,0.01
Bay,MI,0.01
Oscoda,MI,0.01
Otsego,MI,0.01
Osceola,MI,0.01
Wexford,MI,0.01
Tuscola,MI,0.01
Montmorency,MI,0.01
Huron,MI,0.01
Alcona,MI,0.01
Roscommon,MI,0.01
Arenac,MI,0.01
Iosco,MI,0.01
Mackinac,MI,0.01
Ontonagon,MI,0.01
Chippewa,MI,0.01
Delta,MI,0.01
Missaukee,MI,0
Presque Isle,MI,0
Alger,MI,0
Schoolcraft,MI,0
Iron,MI,0
Baraga,MI,0
Hennepin,MN,0.09
Carver,MN,0.07
Washington,MN,0.07
Ramsey,MN,0.07
Olmsted,MN,0.06
Dakota,MN,0.05
Scott,MN,0.05
Rice,MN,0.04
Anoka,MN,0.04
Cook,MN,0.04
Isanti,MN,0.04
Wright,MN,0.03
Sherburne,MN,0.03
Goodhue,MN,0.03
Chisago,MN,0.03
Benton,MN,0.03
Dodge,MN,0.03
Sibley,MN,0.03
Steele,MN,0.03
Nicollet,MN,0.03
Blue Earth,MN,0.03
Le Sueur,MN,0.02
Winona,MN,0.02
Pope,MN,0.02
Stearns,MN,0.02
Lake,MN,0.02
Cottonwood,MN,0.02
Kandiyohi,MN,0.02
McLeod,MN,0.02
Mille Lacs,MN,0.02
Pine,MN,0.02
Stevens,MN,0.02
Crow Wing,MN,0.02
St. Louis,MN,0.02
Lincoln,MN,0.02
Waseca,MN,0.02
Mower,MN,0.02
Lyon,MN,0.02
Douglas,MN,0.02
Wabasha,MN,0.02
Morrison,MN,0.01
Carlton,MN,0.01
Otter Tail,MN,0.01
Cass,MN,0.01
Pennington,MN,0.01
Meeker,MN,0.01
Clay,MN,0.01
Becker,MN,0.01
Grant,MN,0.01
Todd,MN,0.01
Houston,MN,0.01
Rock,MN,0.01
Freeborn,MN,0.01
Kittson,MN,0.01
Wadena,MN,0.01
Jackson,MN,0.01
Pipestone,MN,0.01
Lake of the Woods,MN,0.01
Hubbard,MN,0.01
Martin,MN,0.01
Fillmore,MN,0.01
Itasca,MN,0.01
Polk,MN,0.01
Brown,MN,0.01
Watonwan,MN,0.01
Faribault,MN,0.01
Beltrami,MN,0.01
Traverse,MN,0.01
Murray,MN,0.01
Clearwater,MN,0.01
Kanabec,MN,0.01
Swift,MN,0.01
Nobles,MN,0.01
Big Stone,MN,0.01
Chippewa,MN,0.01
Roseau,MN,0.01
Wilkin,MN,0
Norman,MN,0
Renville,MN,0
Aitkin,MN,0
Lac qui Parle,MN,0
Koochiching,MN,0
Marshall,MN,0
Redwood,MN,0
Mahnomen,MN,0
Yellow Medicine,MN,0
Red Lake,MN,0
St. Louis,MO,0.06
St. Louis,MO,0.06
Platte,MO,0.05
Greene,MO,0.04
Jackson,MO,0.04
St. Charles,MO,0.04
Boone,MO,0.04
Christian,MO,0.04
Clay,MO,0.03
Atchison,MO,0.03
Cass,MO,0.03
Taney,MO,0.03
Newton,MO,0.03
Crawford,MO,0.03
Warren,MO,0.03
Franklin,MO,0.02
Jefferson,MO,0.02
Camden,MO,0.02
Phelps,MO,0.02
Jasper,MO,0.02
Johnson,MO,0.02
Cole,MO,0.02
Ste. Genevieve,MO,0.02
Grundy,MO,0.02
Osage,MO,0.02
Bates,MO,0.02
Webster,MO,0.02
Lawrence,MO,0.02
Stone,MO,0.02
Cape Girardeau,MO,0.02
Lincoln,MO,0.02
Ray,MO,0.02
St. Francois,MO,0.02
Callaway,MO,0.02
Adair,MO,0.02
Barton,MO,0.02
Douglas,MO,0.02
Andrew,MO,0.02
Buchanan,MO,0.02
Barry,MO,0.02
Clinton,MO,0.02
Wright,MO,0.01
Pulaski,MO,0.01
Henry,MO,0.01
Ralls,MO,0.01
Cooper,MO,0.01
St. Clair,MO,0.01
McDonald,MO,0.01
Laclede,MO,0.01
Harrison,MO,0.01
Shannon,MO,0.01
Monroe,MO,0.01
Howard,MO,0.01
Oregon,MO,0.01
Miller,MO,0.01
Gasconade,MO,0.01
Cedar,MO,0.01
Schuyler,MO,0.01
Livingston,MO,0.01
Dent,MO,0.01
Saline,MO,0.01
Washington,MO,0.01
Daviess,MO,0.01
Randolph,MO,0.01
Benton,MO,0.01
Knox,MO,0.01
Marion,MO,0.01
Texas,MO,0.01
Morgan,MO,0.01
Pettis,MO,0.01
Scotland,MO,0.01
Moniteau,MO,0.01
Macon,MO,0.01
Madison,MO,0.01
Howell,MO,0.01
Butler,MO,0.01
Sullivan,MO,0.01
Putnam,MO,0.01
Pemiscot,MO,0.01
Dunklin,MO,0.01
Ripley,MO,0.01
DeKalb,MO,0.01
Clark,MO,0.01
New Madrid,MO,0.01
Audrain,MO,0.01
Holt,MO,0.01
Dallas,MO,0.01
Lafayette,MO,0.01
Shelby,MO,0.01
Perry,MO,0.01
Wayne,MO,0.01
Maries,MO,0.01
Polk,MO,0.01
Bollinger,MO,0.01
Vernon,MO,0.01
Dade,MO,0.01
Iron,MO,0.01
Mississippi,MO,0
Nodaway,MO,0
Lewis,MO,0
Carroll,MO,0
Ozark,MO,0
Caldwell,MO,0
Chariton,MO,0
Stoddard,MO,0
Linn,MO,0
Montgomery,MO,0
Scott,MO,0
Pike,MO,0
Worth,MO,0
Carter,MO,0
Hickory,MO,0
Gentry,MO,0
Reynolds,MO,0
Mercer,MO,0
Madison,MS,0.02
Lafayette,MS,0.02
Hancock,MS,0.02
Harrison,MS,0.02
Oktibbeha,MS,0.02
Lamar,MS,0.02
DeSoto,MS,0.02
Marshall,MS,0.02
Lowndes,MS,0.02
Hinds,MS,0.02
Jackson,MS,0.02
Tunica,MS,0.01
Union,MS,0.01
Pike,MS,0.01
Covington,MS,0.01
Rankin,MS,0.01
Alcorn,MS,0.01
Smith,MS,0.01
Forrest,MS,0.01
Lee,MS,0.01
Copiah,MS,0.01
Adams,MS,0.01
Newton,MS,0.01
Pontotoc,MS,0.01
Scott,MS,0.01
Warren,MS,0.01
Jefferson Davis,MS,0.01
Bolivar,MS,0.01
Chickasaw,MS,0.01
Webster,MS,0.01
Tate,MS,0.01
Yazoo,MS,0.01
Leflore,MS,0.01
Grenada,MS,0.01
Benton,MS,0.01
Jones,MS,0.01
Jefferson,MS,0.01
Humphreys,MS,0.01
Calhoun,MS,0.01
Lincoln,MS,0.01
Lauderdale,MS,0.01
Amite,MS,0.01
Tippah,MS,0
Coahoma,MS,0
Walthall,MS,0
Winston,MS,0
Pearl River,MS,0
Clay,MS,0
Jasper,MS,0
Tishomingo,MS,0
Noxubee,MS,0
Itawamba,MS,0
Monroe,MS,0
Montgomery,MS,0
Clarke,MS,0
George,MS,0
Kemper,MS,0
Perry,MS,0
Washington,MS,0
Tallahatchie,MS,0
Marion,MS,0
Holmes,MS,0
Yalobusha,MS,0
Greene,MS,0
Carroll,MS,0
Lawrence,MS,0
Attala,MS,0
Sunflower,MS,0
Stone,MS,0
Leake,MS,0
Simpson,MS,0
Wayne,MS,0
Neshoba,MS,0
Panola,MS,0
Issaquena,MS,0
Wilkinson,MS,0
Claiborne,MS,0
Franklin,MS,0
Prentiss,MS,0
Sharkey,MS,0
Choctaw,MS,0
Quitman,MS,0
Missoula,MT,0.04
Powell,MT,0.04
Flathead,MT,0.04
Gallatin,MT,0.04
Prairie,MT,0.04
Big Horn,MT,0.03
Ravalli,MT,0.03
Jefferson,MT,0.03
Yellowstone,MT,0.03
Sweet Grass,MT,0.03
Teton,MT,0.03
Park,MT,0.03
Carbon,MT,0.03
Lewis and Clark,MT,0.02
Deer Lodge,MT,0.02
Lake,MT,0.02
Roosevelt,MT,0.02
Phillips,MT,0.02
Broadwater,MT,0.02
Madison,MT,0.02
Mineral,MT,0.02
Toole,MT,0.02
Cascade,MT,0.02
Meagher,MT,0.02
Dawson,MT,0.02
Granite,MT,0.02
Liberty,MT,0.02
Valley,MT,0.01
Sanders,MT,0.01
Rosebud,MT,0.01
Stillwater,MT,0.01
Lincoln,MT,0.01
Silver Bow,MT,0.01
Fallon,MT,0.01
Hill,MT,0.01
Chouteau,MT,0.01
Fergus,MT,0.01
Beaverhead,MT,0.01
Pondera,MT,0.01
Sheridan,MT,0.01
Glacier,MT,0
Custer,MT,0
Richland,MT,0
Judith Basin,MT,0
McCone,MT,0
Petroleum,MT,0
Blaine,MT,0
Garfield,MT,0
Powder River,MT,0
Daniels,MT,0
Golden Valley,MT,0
Wheatland,MT,0
Musselshell,MT,0
Treasure,MT,0
Wibaux,MT,0
Carter,MT,0
Guaynabo,NA,0.1
Dorado,NA,0.09
Culebra,NA,0.06
Gurabo,NA,0.06
San Juan,NA,0.06
RincÃ³n,NA,0.05
Hatillo,NA,0.05
Trujillo Alto,NA,0.05
Luquillo,NA,0.05
Camuy,NA,0.04
San GermÃ¡n,NA,0.04
Naguabo,NA,0.04
Lares,NA,0.04
Caguas,NA,0.04
PeÃ±uelas,NA,0.04
Aguada,NA,0.04
Toa Alta,NA,0.04
Humacao,NA,0.04
CanÃ³vanas,NA,0.04
MayagÃ¼ez,NA,0.04
Isabela,NA,0.03
Aguadilla,NA,0.03
Ponce,NA,0.03
Moca,NA,0.03
Vega Alta,NA,0.03
Guayama,NA,0.03
Vieques,NA,0.03
Carolina,NA,0.03
Quebradillas,NA,0.03
Cabo Rojo,NA,0.03
Aibonito,NA,0.03
Coamo,NA,0.03
Florida,NA,0.03
Corozal,NA,0.03
Vega Baja,NA,0.03
Santa Isabel,NA,0.03
BayamÃ³n,NA,0.03
RÃ­o Grande,NA,0.03
Las Piedras,NA,0.03
Cayey,NA,0.02
ManatÃ­,NA,0.02
Barceloneta,NA,0.02
Fajardo,NA,0.02
AÃ±asco,NA,0.02
Aguas Buenas,NA,0.02
Cidra,NA,0.02
Arecibo,NA,0.02
Toa Baja,NA,0.02
Juncos,NA,0.02
Juana DÃ­az,NA,0.02
Barranquitas,NA,0.02
San Lorenzo,NA,0.02
Arroyo,NA,0.02
San SebastiÃ¡n,NA,0.02
Lajas,NA,0.02
Yabucoa,NA,0.02
Yauco,NA,0.02
Orocovis,NA,0.02
Salinas,NA,0.02
LoÃ­za,NA,0.02
CataÃ±o,NA,0.02
Sabana Grande,NA,0.02
Patillas,NA,0.01
Naranjito,NA,0.01
Utuado,NA,0.01
Morovis,NA,0.01
ComerÃ­o,NA,0.01
Guayanilla,NA,0.01
GuÃ¡nica,NA,0.01
Villalba,NA,0.01
Hormigueros,NA,0.01
Ciales,NA,0.01
Adjuntas,NA,0.01
St. Croix,NA,0
St. John,NA,0
Eastern,NA,0
Manu'a,NA,0
Northern Islands,NA,0
Rota,NA,0
Saipan,NA,0
Ceiba,NA,0
Western,NA,0
St. Thomas,NA,0
Guam,NA,0
Rose Island,NA,0
Swains Island,NA,0
Tinian,NA,0
Maricao,NA,0
Las MarÃ­as,NA,0
Maunabo,NA,0
Jayuya,NA,0
Orange,NC,0.14
Chatham,NC,0.11
Wake,NC,0.09
Durham,NC,0.09
Buncombe,NC,0.08
Mecklenburg,NC,0.07
Union,NC,0.06
Transylvania,NC,0.05
Cabarrus,NC,0.05
Guilford,NC,0.05
New Hanover,NC,0.05
Macon,NC,0.05
Watauga,NC,0.05
Polk,NC,0.05
Forsyth,NC,0.04
Dare,NC,0.04
Iredell,NC,0.04
Moore,NC,0.04
Henderson,NC,0.04
Jackson,NC,0.04
Davie,NC,0.04
Madison,NC,0.04
Alamance,NC,0.03
Lincoln,NC,0.03
Johnston,NC,0.03
Haywood,NC,0.03
Catawba,NC,0.03
Yancey,NC,0.03
Pender,NC,0.03
Brunswick,NC,0.03
Currituck,NC,0.03
Harnett,NC,0.03
Gaston,NC,0.03
Lee,NC,0.03
Burke,NC,0.02
Clay,NC,0.02
Mitchell,NC,0.02
McDowell,NC,0.02
Franklin,NC,0.02
Stokes,NC,0.02
Hoke,NC,0.02
Carteret,NC,0.02
Pitt,NC,0.02
Davidson,NC,0.02
Person,NC,0.02
Rowan,NC,0.02
Cumberland,NC,0.02
Pamlico,NC,0.02
Beaufort,NC,0.02
Rutherford,NC,0.02
Granville,NC,0.02
Montgomery,NC,0.02
Graham,NC,0.02
Jones,NC,0.02
Randolph,NC,0.02
Wayne,NC,0.02
Washington,NC,0.02
Stanly,NC,0.02
Swain,NC,0.02
Craven,NC,0.02
Alexander,NC,0.02
Onslow,NC,0.02
Caldwell,NC,0.02
Rockingham,NC,0.02
Nash,NC,0.02
Cherokee,NC,0.02
Surry,NC,0.02
Avery,NC,0.02
Bladen,NC,0.02
Yadkin,NC,0.02
Camden,NC,0.01
Warren,NC,0.01
Cleveland,NC,0.01
Richmond,NC,0.01
Perquimans,NC,0.01
Lenoir,NC,0.01
Anson,NC,0.01
Wilson,NC,0.01
Vance,NC,0.01
Alleghany,NC,0.01
Columbus,NC,0.01
Wilkes,NC,0.01
Ashe,NC,0.01
Gates,NC,0.01
Edgecombe,NC,0.01
Hertford,NC,0.01
Bertie,NC,0.01
Pasquotank,NC,0.01
Scotland,NC,0.01
Caswell,NC,0.01
Sampson,NC,0.01
Northampton,NC,0.01
Robeson,NC,0.01
Chowan,NC,0.01
Duplin,NC,0.01
Martin,NC,0.01
Hyde,NC,0.01
Greene,NC,0
Halifax,NC,0
Tyrrell,NC,0
Pierce,ND,0.02
Golden Valley,ND,0.02
Divide,ND,0.02
Cass,ND,0.02
Emmons,ND,0.02
Oliver,ND,0.02
Steele,ND,0.01
Burleigh,ND,0.01
Traill,ND,0.01
Grand Forks,ND,0.01
Morton,ND,0.01
Logan,ND,0.01
Kidder,ND,0.01
McIntosh,ND,0.01
Dunn,ND,0.01
Walsh,ND,0.01
Ward,ND,0.01
Mercer,ND,0.01
Ramsey,ND,0.01
Stark,ND,0.01
McKenzie,ND,0.01
Bottineau,ND,0.01
Benson,ND,0.01
LaMoure,ND,0.01
Pembina,ND,0.01
Richland,ND,0.01
McHenry,ND,0.01
Dickey,ND,0
Wells,ND,0
Foster,ND,0
McLean,ND,0
Mountrail,ND,0
Williams,ND,0
Stutsman,ND,0
Grant,ND,0
Sioux,ND,0
Barnes,ND,0
Towner,ND,0
Eddy,ND,0
Billings,ND,0
Slope,ND,0
Adams,ND,0
Griggs,ND,0
Cavalier,ND,0
Sheridan,ND,0
Bowman,ND,0
Burke,ND,0
Hettinger,ND,0
Rolette,ND,0
Ransom,ND,0
Nelson,ND,0
Sargent,ND,0
Renville,ND,0
Grant,NE,0.06
Sioux,NE,0.05
Douglas,NE,0.05
Lancaster,NE,0.04
Cass,NE,0.03
Sarpy,NE,0.03
Saunders,NE,0.03
Perkins,NE,0.03
Pawnee,NE,0.03
Kimball,NE,0.03
Keith,NE,0.03
Hamilton,NE,0.03
Nemaha,NE,0.02
Buffalo,NE,0.02
York,NE,0.02
Butler,NE,0.02
Colfax,NE,0.02
Frontier,NE,0.02
Washington,NE,0.02
Furnas,NE,0.02
Seward,NE,0.02
Johnson,NE,0.02
Otoe,NE,0.02
Hall,NE,0.02
Adams,NE,0.02
Burt,NE,0.02
Howard,NE,0.02
Madison,NE,0.02
Scotts Bluff,NE,0.02
Boone,NE,0.02
Dodge,NE,0.02
Gosper,NE,0.01
Fillmore,NE,0.01
Kearney,NE,0.01
Franklin,NE,0.01
Hitchcock,NE,0.01
Cheyenne,NE,0.01
Chase,NE,0.01
Platte,NE,0.01
Dakota,NE,0.01
Gage,NE,0.01
Lincoln,NE,0.01
Stanton,NE,0.01
Webster,NE,0.01
Richardson,NE,0.01
Clay,NE,0.01
Custer,NE,0.01
Cuming,NE,0.01
Saline,NE,0.01
Box Butte,NE,0.01
Dawson,NE,0.01
Nuckolls,NE,0.01
Cedar,NE,0.01
Holt,NE,0.01
Phelps,NE,0.01
Cherry,NE,0.01
Thurston,NE,0.01
Dixon,NE,0.01
Polk,NE,0.01
Merrick,NE,0
Antelope,NE,0
Jefferson,NE,0
Red Willow,NE,0
Wayne,NE,0
Pierce,NE,0
Knox,NE,0
Hooker,NE,0
Keya Paha,NE,0
Blaine,NE,0
Thomas,NE,0
Morrill,NE,0
Sheridan,NE,0
Garfield,NE,0
Thayer,NE,0
Logan,NE,0
Rock,NE,0
Greeley,NE,0
Harlan,NE,0
Valley,NE,0
Loup,NE,0
Wheeler,NE,0
Nance,NE,0
Sherman,NE,0
McPherson,NE,0
Banner,NE,0
Dawes,NE,0
Arthur,NE,0
Deuel,NE,0
Hayes,NE,0
Brown,NE,0
Boyd,NE,0
Garden,NE,0
Dundy,NE,0
Grafton,NH,0.06
Rockingham,NH,0.05
Strafford,NH,0.05
Merrimack,NH,0.05
Hillsborough,NH,0.04
Carroll,NH,0.04
Sullivan,NH,0.03
Belknap,NH,0.03
Cheshire,NH,0.03
Coos,NH,0.02
Somerset,NJ,0.13
Mercer,NJ,0.12
Middlesex,NJ,0.11
Essex,NJ,0.09
Bergen,NJ,0.09
Morris,NJ,0.09
Hudson,NJ,0.09
Hunterdon,NJ,0.09
Monmouth,NJ,0.08
Burlington,NJ,0.07
Union,NJ,0.07
Camden,NJ,0.07
Ocean,NJ,0.06
Atlantic,NJ,0.05
Passaic,NJ,0.05
Gloucester,NJ,0.05
Sussex,NJ,0.05
Cape May,NJ,0.05
Warren,NJ,0.04
Salem,NJ,0.03
Cumberland,NJ,0.03
Los Alamos,NM,0.09
Santa Fe,NM,0.09
Bernalillo,NM,0.06
Sandoval,NM,0.05
Taos,NM,0.05
DoÃ±a Ana,NM,0.03
Guadalupe,NM,0.03
Otero,NM,0.03
Valencia,NM,0.02
Socorro,NM,0.02
San Miguel,NM,0.02
Mora,NM,0.02
Curry,NM,0.02
Lincoln,NM,0.02
Catron,NM,0.02
Rio Arriba,NM,0.02
Union,NM,0.02
Hidalgo,NM,0.02
Colfax,NM,0.01
Luna,NM,0.01
Cibola,NM,0.01
Grant,NM,0.01
Sierra,NM,0.01
San Juan,NM,0.01
Roosevelt,NM,0.01
McKinley,NM,0.01
Chaves,NM,0.01
Eddy,NM,0.01
Lea,NM,0.01
Torrance,NM,0.01
Quay,NM,0
De Baca,NM,0
Harding,NM,0
Washoe,NV,0.11
Clark,NV,0.11
Douglas,NV,0.07
Nye,NV,0.06
Pershing,NV,0.06
Carson City,NV,0.06
Lyon,NV,0.05
Churchill,NV,0.05
Storey,NV,0.04
Mineral,NV,0.03
Lincoln,NV,0.02
Humboldt,NV,0.02
Eureka,NV,0.02
White Pine,NV,0.02
Lander,NV,0.01
Elko,NV,0.01
Esmeralda,NV,0
Tompkins,NY,0.12
New York,NY,0.09
Westchester,NY,0.09
Ulster,NY,0.07
Columbia,NY,0.07
Nassau,NY,0.07
Suffolk,NY,0.06
Putnam,NY,0.06
Albany,NY,0.06
Dutchess,NY,0.05
Rockland,NY,0.05
Saratoga,NY,0.05
Ontario,NY,0.05
Kings,NY,0.05
Monroe,NY,0.05
Queens,NY,0.05
Orange,NY,0.05
Sullivan,NY,0.04
Schenectady,NY,0.04
Madison,NY,0.04
Broome,NY,0.04
Yates,NY,0.04
Greene,NY,0.04
Rensselaer,NY,0.04
Schuyler,NY,0.04
Onondaga,NY,0.04
Essex,NY,0.04
Richmond,NY,0.04
Warren,NY,0.04
Otsego,NY,0.03
Schoharie,NY,0.03
Hamilton,NY,0.03
Cortland,NY,0.03
Erie,NY,0.03
Wayne,NY,0.03
Chemung,NY,0.03
Bronx,NY,0.03
Genesee,NY,0.03
Livingston,NY,0.03
Cayuga,NY,0.03
Oneida,NY,0.03
Steuben,NY,0.03
Niagara,NY,0.03
Clinton,NY,0.03
Washington,NY,0.03
Delaware,NY,0.03
Tioga,NY,0.03
Oswego,NY,0.03
Seneca,NY,0.02
Chenango,NY,0.02
St. Lawrence,NY,0.02
Montgomery,NY,0.02
Wyoming,NY,0.02
Orleans,NY,0.02
Fulton,NY,0.02
Cattaraugus,NY,0.02
Chautauqua,NY,0.02
Allegany,NY,0.02
Herkimer,NY,0.02
Jefferson,NY,0.02
Franklin,NY,0.01
Lewis,NY,0.01
Delaware,OH,0.06
Warren,OH,0.06
Hamilton,OH,0.05
Greene,OH,0.05
Union,OH,0.05
Franklin,OH,0.04
Montgomery,OH,0.04
Clermont,OH,0.04
Cuyahoga,OH,0.03
Geauga,OH,0.03
Butler,OH,0.03
Summit,OH,0.03
Wood,OH,0.03
Lucas,OH,0.03
Fairfield,OH,0.03
Licking,OH,0.03
Williams,OH,0.02
Portage,OH,0.02
Medina,OH,0.02
Miami,OH,0.02
Athens,OH,0.02
Madison,OH,0.02
Lorain,OH,0.02
Holmes,OH,0.02
Lake,OH,0.02
Ottawa,OH,0.02
Preble,OH,0.02
Erie,OH,0.02
Carroll,OH,0.02
Stark,OH,0.02
Morrow,OH,0.02
Auglaize,OH,0.02
Allen,OH,0.02
Ross,OH,0.02
Knox,OH,0.02
Clark,OH,0.02
Pickaway,OH,0.02
Mercer,OH,0.02
Hocking,OH,0.02
Paulding,OH,0.02
Mahoning,OH,0.02
Richland,OH,0.02
Wayne,OH,0.02
Hancock,OH,0.02
Huron,OH,0.02
Clinton,OH,0.02
Ashland,OH,0.01
Wyandot,OH,0.01
Fulton,OH,0.01
Defiance,OH,0.01
Van Wert,OH,0.01
Brown,OH,0.01
Adams,OH,0.01
Washington,OH,0.01
Shelby,OH,0.01
Seneca,OH,0.01
Pike,OH,0.01
Logan,OH,0.01
Sandusky,OH,0.01
Morgan,OH,0.01
Ashtabula,OH,0.01
Columbiana,OH,0.01
Marion,OH,0.01
Trumbull,OH,0.01
Champaign,OH,0.01
Highland,OH,0.01
Darke,OH,0.01
Muskingum,OH,0.01
Crawford,OH,0.01
Meigs,OH,0.01
Scioto,OH,0.01
Fayette,OH,0.01
Lawrence,OH,0.01
Tuscarawas,OH,0.01
Belmont,OH,0.01
Putnam,OH,0.01
Jefferson,OH,0.01
Vinton,OH,0.01
Guernsey,OH,0.01
Harrison,OH,0.01
Jackson,OH,0.01
Hardin,OH,0.01
Henry,OH,0.01
Noble,OH,0.01
Perry,OH,0.01
Gallia,OH,0.01
Coshocton,OH,0
Monroe,OH,0
Oklahoma,OK,0.04
Tulsa,OK,0.04
Cleveland,OK,0.04
Dewey,OK,0.03
Rogers,OK,0.03
McClain,OK,0.02
Cimarron,OK,0.02
Logan,OK,0.02
Cherokee,OK,0.02
Canadian,OK,0.02
Wagoner,OK,0.02
Payne,OK,0.02
Osage,OK,0.02
Pottawatomie,OK,0.02
Muskogee,OK,0.02
Creek,OK,0.02
Washington,OK,0.02
Pontotoc,OK,0.02
Delaware,OK,0.02
Comanche,OK,0.01
Jackson,OK,0.01
Okmulgee,OK,0.01
Atoka,OK,0.01
Kay,OK,0.01
Love,OK,0.01
Garfield,OK,0.01
Tillman,OK,0.01
Kiowa,OK,0.01
Carter,OK,0.01
Seminole,OK,0.01
Pittsburg,OK,0.01
Marshall,OK,0.01
Sequoyah,OK,0.01
Le Flore,OK,0.01
Bryan,OK,0.01
Stephens,OK,0.01
Lincoln,OK,0.01
Beckham,OK,0.01
Woods,OK,0.01
Craig,OK,0.01
Ottawa,OK,0.01
Grady,OK,0.01
McIntosh,OK,0.01
Blaine,OK,0.01
Hughes,OK,0.01
Grant,OK,0.01
Cotton,OK,0.01
Woodward,OK,0.01
Pawnee,OK,0.01
Johnston,OK,0.01
Kingfisher,OK,0.01
Coal,OK,0.01
Nowata,OK,0.01
McCurtain,OK,0.01
Greer,OK,0.01
Okfuskee,OK,0.01
Beaver,OK,0.01
Alfalfa,OK,0.01
Caddo,OK,0
Murray,OK,0
Choctaw,OK,0
Major,OK,0
Garvin,OK,0
Custer,OK,0
Washita,OK,0
Texas,OK,0
Mayes,OK,0
Harmon,OK,0
Jefferson,OK,0
Ellis,OK,0
Adair,OK,0
Noble,OK,0
Pushmataha,OK,0
Haskell,OK,0
Roger Mills,OK,0
Harper,OK,0
Latimer,OK,0
Multnomah,OR,0.18
Washington,OR,0.17
Benton,OR,0.15
Clackamas,OR,0.15
Hood River,OR,0.15
Lane,OR,0.12
Deschutes,OR,0.12
Lincoln,OR,0.1
Yamhill,OR,0.1
Polk,OR,0.09
Jackson,OR,0.09
Tillamook,OR,0.09
Curry,OR,0.08
Marion,OR,0.08
Columbia,OR,0.08
Clatsop,OR,0.07
Josephine,OR,0.07
Linn,OR,0.06
Wasco,OR,0.06
Crook,OR,0.05
Coos,OR,0.05
Wallowa,OR,0.05
Douglas,OR,0.05
Klamath,OR,0.04
Jefferson,OR,0.04
Union,OR,0.04
Gilliam,OR,0.04
Harney,OR,0.03
Baker,OR,0.03
Umatilla,OR,0.03
Malheur,OR,0.03
Lake,OR,0.02
Grant,OR,0.02
Morrow,OR,0.02
Sherman,OR,0
Wheeler,OR,0
Chester,PA,0.08
Montgomery,PA,0.08
Bucks,PA,0.06
Delaware,PA,0.06
Centre,PA,0.06
Montour,PA,0.05
Cumberland,PA,0.05
Lehigh,PA,0.05
Allegheny,PA,0.05
Lancaster,PA,0.04
Philadelphia,PA,0.04
Union,PA,0.04
Northampton,PA,0.04
Dauphin,PA,0.04
York,PA,0.04
Butler,PA,0.04
Berks,PA,0.03
Pike,PA,0.03
Monroe,PA,0.03
Adams,PA,0.03
Lebanon,PA,0.03
Snyder,PA,0.03
Franklin,PA,0.03
Washington,PA,0.03
Perry,PA,0.03
Erie,PA,0.02
Wayne,PA,0.02
Westmoreland,PA,0.02
Lackawanna,PA,0.02
Columbia,PA,0.02
Carbon,PA,0.02
Lycoming,PA,0.02
Luzerne,PA,0.02
Clinton,PA,0.02
Beaver,PA,0.02
Blair,PA,0.02
Fayette,PA,0.02
Juniata,PA,0.02
Fulton,PA,0.02
Mercer,PA,0.02
Huntingdon,PA,0.01
Indiana,PA,0.01
Schuylkill,PA,0.01
Bedford,PA,0.01
Susquehanna,PA,0.01
Mifflin,PA,0.01
Tioga,PA,0.01
Northumberland,PA,0.01
Lawrence,PA,0.01
Crawford,PA,0.01
Cambria,PA,0.01
Bradford,PA,0.01
Warren,PA,0.01
Somerset,PA,0.01
Venango,PA,0.01
Armstrong,PA,0.01
Clearfield,PA,0.01
Potter,PA,0.01
Wyoming,PA,0.01
Sullivan,PA,0.01
Clarion,PA,0.01
Greene,PA,0.01
Jefferson,PA,0.01
McKean,PA,0.01
Elk,PA,0.01
Cameron,PA,0
Forest,PA,0
Bristol,RI,0.08
Newport,RI,0.08
Washington,RI,0.07
Providence,RI,0.05
Kent,RI,0.04
Charleston,SC,0.05
Lancaster,SC,0.05
York,SC,0.04
Beaufort,SC,0.04
Greenville,SC,0.04
Oconee,SC,0.03
Richland,SC,0.03
Berkeley,SC,0.03
Lexington,SC,0.03
Dorchester,SC,0.02
Georgetown,SC,0.02
Jasper,SC,0.02
McCormick,SC,0.02
Spartanburg,SC,0.02
Allendale,SC,0.02
Anderson,SC,0.02
Pickens,SC,0.02
Horry,SC,0.02
Newberry,SC,0.02
Greenwood,SC,0.02
Aiken,SC,0.02
Colleton,SC,0.02
Sumter,SC,0.02
Edgefield,SC,0.02
Fairfield,SC,0.02
Chester,SC,0.01
Orangeburg,SC,0.01
Florence,SC,0.01
Saluda,SC,0.01
Cherokee,SC,0.01
Kershaw,SC,0.01
Laurens,SC,0.01
Abbeville,SC,0.01
Marlboro,SC,0.01
Darlington,SC,0.01
Clarendon,SC,0.01
Calhoun,SC,0.01
Union,SC,0.01
Chesterfield,SC,0.01
Marion,SC,0.01
Hampton,SC,0.01
Williamsburg,SC,0.01
Dillon,SC,0.01
Lee,SC,0
Barnwell,SC,0
Bamberg,SC,0
Oglala Lakota,SD,0.04
Bennett,SD,0.04
Hyde,SD,0.03
Clay,SD,0.03
Union,SD,0.03
Sanborn,SD,0.03
Lawrence,SD,0.02
Lincoln,SD,0.02
Pennington,SD,0.02
Custer,SD,0.02
McCook,SD,0.02
Minnehaha,SD,0.02
Brookings,SD,0.02
Lake,SD,0.02
Meade,SD,0.02
Clark,SD,0.02
Hand,SD,0.02
Davison,SD,0.02
Fall River,SD,0.01
Tripp,SD,0.01
Stanley,SD,0.01
Kingsbury,SD,0.01
Deuel,SD,0.01
Hanson,SD,0.01
Faulk,SD,0.01
Bon Homme,SD,0.01
Butte,SD,0.01
Douglas,SD,0.01
Day,SD,0.01
Roberts,SD,0.01
Hughes,SD,0.01
Hamlin,SD,0.01
Hutchinson,SD,0.01
Codington,SD,0.01
Brown,SD,0.01
Lyman,SD,0.01
Dewey,SD,0.01
Spink,SD,0.01
Gregory,SD,0.01
Turner,SD,0.01
Beadle,SD,0.01
Edmunds,SD,0.01
Marshall,SD,0.01
Walworth,SD,0.01
Yankton,SD,0.01
Charles Mix,SD,0
Grant,SD,0
Jerauld,SD,0
Mellette,SD,0
Jackson,SD,0
Jones,SD,0
Haakon,SD,0
Aurora,SD,0
Todd,SD,0
Brule,SD,0
Harding,SD,0
McPherson,SD,0
Miner,SD,0
Potter,SD,0
Corson,SD,0
Buffalo,SD,0
Sully,SD,0
Moody,SD,0
Ziebach,SD,0
Campbell,SD,0
Perkins,SD,0
Williamson,TN,0.08
Davidson,TN,0.06
Knox,TN,0.05
Loudon,TN,0.04
Hamilton,TN,0.04
Shelby,TN,0.04
Blount,TN,0.03
Wilson,TN,0.03
Fayette,TN,0.03
Washington,TN,0.03
Anderson,TN,0.03
Sevier,TN,0.03
Sumner,TN,0.03
Roane,TN,0.03
Hancock,TN,0.03
Franklin,TN,0.03
Pickett,TN,0.03
Sullivan,TN,0.02
Maury,TN,0.02
Cheatham,TN,0.02
Marion,TN,0.02
Rutherford,TN,0.02
Bedford,TN,0.02
Montgomery,TN,0.02
Robertson,TN,0.02
Lewis,TN,0.02
Madison,TN,0.02
Henderson,TN,0.02
Coffee,TN,0.02
Union,TN,0.02
Putnam,TN,0.02
Hamblen,TN,0.02
Monroe,TN,0.02
Moore,TN,0.02
Gibson,TN,0.02
Warren,TN,0.02
Bradley,TN,0.02
Jefferson,TN,0.02
Cumberland,TN,0.01
Rhea,TN,0.01
Hickman,TN,0.01
Carter,TN,0.01
Smith,TN,0.01
Dickson,TN,0.01
Lincoln,TN,0.01
Hawkins,TN,0.01
Stewart,TN,0.01
Greene,TN,0.01
Scott,TN,0.01
Campbell,TN,0.01
Sequatchie,TN,0.01
Carroll,TN,0.01
White,TN,0.01
Hardeman,TN,0.01
Grainger,TN,0.01
Jackson,TN,0.01
Marshall,TN,0.01
Cocke,TN,0.01
Humphreys,TN,0.01
Overton,TN,0.01
Crockett,TN,0.01
Giles,TN,0.01
Hardin,TN,0.01
Tipton,TN,0.01
Fentress,TN,0.01
Benton,TN,0.01
Bledsoe,TN,0.01
Henry,TN,0.01
Houston,TN,0.01
DeKalb,TN,0.01
McMinn,TN,0.01
Decatur,TN,0.01
McNairy,TN,0.01
Trousdale,TN,0.01
Cannon,TN,0.01
Lawrence,TN,0.01
Dyer,TN,0.01
Grundy,TN,0.01
Claiborne,TN,0.01
Morgan,TN,0.01
Weakley,TN,0.01
Johnson,TN,0.01
Clay,TN,0.01
Van Buren,TN,0.01
Unicoi,TN,0.01
Meigs,TN,0.01
Polk,TN,0
Macon,TN,0
Chester,TN,0
Haywood,TN,0
Lauderdale,TN,0
Obion,TN,0
Perry,TN,0
Wayne,TN,0
Lake,TN,0
Travis,TX,0.11
Collin,TX,0.09
Williamson,TX,0.08
Denton,TX,0.08
Fort Bend,TX,0.07
King,TX,0.06
Dallas,TX,0.06
Hays,TX,0.06
Kendall,TX,0.05
Harris,TX,0.04
Tarrant,TX,0.04
Rockwall,TX,0.04
Comal,TX,0.04
Bexar,TX,0.04
Montgomery,TX,0.04
Brazoria,TX,0.04
Waller,TX,0.03
Blanco,TX,0.03
Parker,TX,0.03
Bastrop,TX,0.03
Galveston,TX,0.03
Ellis,TX,0.03
El Paso,TX,0.03
Burnet,TX,0.03
Culberson,TX,0.03
Brazos,TX,0.02
Kinney,TX,0.02
Delta,TX,0.02
Gillespie,TX,0.02
Kaufman,TX,0.02
Hood,TX,0.02
Guadalupe,TX,0.02
Jeff Davis,TX,0.02
Llano,TX,0.02
Johnson,TX,0.02
Bell,TX,0.02
Real,TX,0.02
San Jacinto,TX,0.02
Cooke,TX,0.02
Smith,TX,0.02
Grayson,TX,0.02
Oldham,TX,0.02
Hunt,TX,0.02
Cameron,TX,0.02
McLennan,TX,0.02
Brewster,TX,0.02
Hamilton,TX,0.02
Hidalgo,TX,0.02
Medina,TX,0.02
Marion,TX,0.02
Wichita,TX,0.02
Lubbock,TX,0.02
Polk,TX,0.02
Wise,TX,0.02
Randall,TX,0.02
Nacogdoches,TX,0.02
Mills,TX,0.02
Franklin,TX,0.02
Bandera,TX,0.02
Van Zandt,TX,0.01
Austin,TX,0.01
Chambers,TX,0.01
Hopkins,TX,0.01
Taylor,TX,0.01
Jefferson,TX,0.01
Washington,TX,0.01
Nueces,TX,0.01
Wilson,TX,0.01
Terry,TX,0.01
Kerr,TX,0.01
Harrison,TX,0.01
Edwards,TX,0.01
Coryell,TX,0.01
Fannin,TX,0.01
Young,TX,0.01
Rains,TX,0.01
Titus,TX,0.01
Hudspeth,TX,0.01
Fayette,TX,0.01
Hill,TX,0.01
Bosque,TX,0.01
Gregg,TX,0.01
Hartley,TX,0.01
Bowie,TX,0.01
Potter,TX,0.01
Burleson,TX,0.01
Caldwell,TX,0.01
Lampasas,TX,0.01
Henderson,TX,0.01
Colorado,TX,0.01
Somervell,TX,0.01
Mason,TX,0.01
Victoria,TX,0.01
Cherokee,TX,0.01
Webb,TX,0.01
Lynn,TX,0.01
Andrews,TX,0.01
Runnels,TX,0.01
San Saba,TX,0.01
Willacy,TX,0.01
Lamar,TX,0.01
Dallam,TX,0.01
Walker,TX,0.01
Donley,TX,0.01
Hardeman,TX,0.01
Grimes,TX,0.01
Gonzales,TX,0.01
Midland,TX,0.01
Upshur,TX,0.01
Wood,TX,0.01
Crockett,TX,0.01
Floyd,TX,0.01
Uvalde,TX,0.01
Hardin,TX,0.01
Orange,TX,0.01
Presidio,TX,0.01
Castro,TX,0.01
Reeves,TX,0.01
Ward,TX,0.01
Glasscock,TX,0.01
Sherman,TX,0.01
Houston,TX,0.01
Clay,TX,0.01
Aransas,TX,0.01
Crosby,TX,0.01
Tom Green,TX,0.01
San Patricio,TX,0.01
Milam,TX,0.01
Archer,TX,0.01
Jackson,TX,0.01
Collingsworth,TX,0.01
Erath,TX,0.01
Cass,TX,0.01
Frio,TX,0.01
Trinity,TX,0.01
San Augustine,TX,0.01
Howard,TX,0.01
Dawson,TX,0.01
Newton,TX,0.01
Ochiltree,TX,0.01
Lee,TX,0.01
Rusk,TX,0.01
Atascosa,TX,0.01
Kimble,TX,0.01
Haskell,TX,0.01
Callahan,TX,0.01
Val Verde,TX,0.01
Navarro,TX,0.01
Liberty,TX,0.01
Leon,TX,0.01
Anderson,TX,0.01
Jack,TX,0.01
Hockley,TX,0.01
Gaines,TX,0.01
Morris,TX,0.01
Angelina,TX,0.01
Winkler,TX,0.01
Swisher,TX,0.01
Montague,TX,0.01
Ector,TX,0.01
Lavaca,TX,0.01
Childress,TX,0.01
Maverick,TX,0.01
Matagorda,TX,0.01
Yoakum,TX,0.01
Fisher,TX,0.01
Shelby,TX,0.01
Falls,TX,0.01
Madison,TX,0
Calhoun,TX,0
Moore,TX,0
Freestone,TX,0
Lamb,TX,0
Panola,TX,0
Kleberg,TX,0
Scurry,TX,0
Wharton,TX,0
Karnes,TX,0
Deaf Smith,TX,0
Wheeler,TX,0
Knox,TX,0
DeWitt,TX,0
Palo Pinto,TX,0
Red River,TX,0
Sutton,TX,0
Jim Wells,TX,0
Comanche,TX,0
Martin,TX,0
Jones,TX,0
Camp,TX,0
Carson,TX,0
Bee,TX,0
Sabine,TX,0
Starr,TX,0
Duval,TX,0
Zavala,TX,0
Nolan,TX,0
Parmer,TX,0
Gray,TX,0
Hale,TX,0
Brown,TX,0
McCulloch,TX,0
Tyler,TX,0
Goliad,TX,0
Coleman,TX,0
Robertson,TX,0
Refugio,TX,0
Stephens,TX,0
Limestone,TX,0
Wilbarger,TX,0
Jasper,TX,0
Zapata,TX,0
Live Oak,TX,0
Hutchinson,TX,0
Pecos,TX,0
Eastland,TX,0
Armstrong,TX,0
Crane,TX,0
Kenedy,TX,0
Kent,TX,0
Loving,TX,0
McMullen,TX,0
Reagan,TX,0
Cochran,TX,0
La Salle,TX,0
Briscoe,TX,0
Schleicher,TX,0
Bailey,TX,0
Shackelford,TX,0
Sterling,TX,0
Dimmit,TX,0
Foard,TX,0
Hall,TX,0
Jim Hogg,TX,0
Dickens,TX,0
Coke,TX,0
Irion,TX,0
Concho,TX,0
Brooks,TX,0
Menard,TX,0
Throckmorton,TX,0
Upton,TX,0
Stonewall,TX,0
Roberts,TX,0
Baylor,TX,0
Borden,TX,0
Hansford,TX,0
Hemphill,TX,0
Lipscomb,TX,0
Cottle,TX,0
Mitchell,TX,0
Terrell,TX,0
Garza,TX,0
Motley,TX,0
Summit,UT,0.17
Salt Lake,UT,0.1
Utah,UT,0.1
Morgan,UT,0.1
Wasatch,UT,0.09
Davis,UT,0.09
Washington,UT,0.08
Cache,UT,0.06
Weber,UT,0.06
Grand,UT,0.06
Tooele,UT,0.05
Garfield,UT,0.05
Kane,UT,0.04
Iron,UT,0.04
Juab,UT,0.04
Carbon,UT,0.03
Box Elder,UT,0.03
Sanpete,UT,0.03
San Juan,UT,0.02
Daggett,UT,0.02
Sevier,UT,0.02
Uintah,UT,0.02
Millard,UT,0.02
Duchesne,UT,0.02
Rich,UT,0.01
Emery,UT,0.01
Beaver,UT,0.01
Wayne,UT,0
Piute,UT,0
Falls Church,VA,0.17
Charlottesville,VA,0.16
Loudoun,VA,0.15
Arlington,VA,0.14
Fairfax,VA,0.13
Albemarle,VA,0.12
Fairfax,VA,0.12
Alexandria,VA,0.09
Williamsburg,VA,0.08
Richmond,VA,0.08
Henrico,VA,0.08
Rappahannock,VA,0.08
James City,VA,0.07
Goochland,VA,0.07
Prince William,VA,0.07
Manassas Park,VA,0.07
Fauquier,VA,0.07
Stafford,VA,0.06
Fredericksburg,VA,0.06
Montgomery,VA,0.06
Clarke,VA,0.06
York,VA,0.05
Chesterfield,VA,0.05
Lancaster,VA,0.05
King George,VA,0.05
Fluvanna,VA,0.05
Hanover,VA,0.05
Winchester,VA,0.05
Spotsylvania,VA,0.05
Louisa,VA,0.05
Nelson,VA,0.05
Northumberland,VA,0.04
Frederick,VA,0.04
Virginia Beach,VA,0.04
Rockbridge,VA,0.04
Lynchburg,VA,0.04
Chesapeake,VA,0.04
Norfolk,VA,0.04
Poquoson,VA,0.04
Madison,VA,0.04
Powhatan,VA,0.04
Isle of Wight,VA,0.04
Manassas,VA,0.04
Warren,VA,0.04
Highland,VA,0.04
Roanoke,VA,0.04
Sussex,VA,0.03
Culpeper,VA,0.03
Staunton,VA,0.03
Suffolk,VA,0.03
Salem,VA,0.03
Greene,VA,0.03
Augusta,VA,0.03
Rockingham,VA,0.03
New Kent,VA,0.03
Middlesex,VA,0.03
Harrisonburg,VA,0.03
Lexington,VA,0.03
Charles City,VA,0.03
Orange,VA,0.03
Northampton,VA,0.03
Newport News,VA,0.03
Gloucester,VA,0.03
Floyd,VA,0.03
Hampton,VA,0.03
Franklin,VA,0.03
Essex,VA,0.03
Washington,VA,0.03
Martinsville,VA,0.03
Bedford,VA,0.03
Botetourt,VA,0.02
Pulaski,VA,0.02
Roanoke,VA,0.02
Waynesboro,VA,0.02
Caroline,VA,0.02
Shenandoah,VA,0.02
Radford,VA,0.02
Amherst,VA,0.02
Galax,VA,0.02
Portsmouth,VA,0.02
Prince Edward,VA,0.02
Dinwiddie,VA,0.02
Buckingham,VA,0.02
Hopewell,VA,0.02
Mathews,VA,0.02
Brunswick,VA,0.02
Southampton,VA,0.02
Campbell,VA,0.02
Surry,VA,0.02
Page,VA,0.02
Bristol,VA,0.02
Colonial Heights,VA,0.02
Richmond,VA,0.02
Petersburg,VA,0.02
Henry,VA,0.02
Halifax,VA,0.02
Accomack,VA,0.02
Prince George,VA,0.01
Smyth,VA,0.01
Bath,VA,0.01
Emporia,VA,0.01
Giles,VA,0.01
Carroll,VA,0.01
Westmoreland,VA,0.01
Wythe,VA,0.01
Greensville,VA,0.01
Nottoway,VA,0.01
Danville,VA,0.01
King William,VA,0.01
Pittsylvania,VA,0.01
Lunenburg,VA,0.01
Norton,VA,0.01
Charlotte,VA,0.01
Amelia,VA,0.01
Lee,VA,0.01
Scott,VA,0.01
Grayson,VA,0.01
Wise,VA,0.01
Mecklenburg,VA,0.01
Patrick,VA,0.01
Dickenson,VA,0.01
Alleghany,VA,0.01
Covington,VA,0.01
Franklin,VA,0.01
King and Queen,VA,0.01
Tazewell,VA,0.01
Russell,VA,0.01
Bland,VA,0
Buchanan,VA,0
Appomattox,VA,0
Cumberland,VA,0
Craig,VA,0
Buena Vista,VA,0
Chittenden,VT,0.1
Addison,VT,0.1
Washington,VT,0.08
Windsor,VT,0.07
Grand Isle,VT,0.07
Windham,VT,0.07
Bennington,VT,0.06
Orange,VT,0.06
Lamoille,VT,0.05
Rutland,VT,0.05
Caledonia,VT,0.04
Orleans,VT,0.04
Franklin,VT,0.04
Essex,VT,0.01
San Juan,WA,0.22
King,WA,0.21
Jefferson,WA,0.16
Snohomish,WA,0.14
Clark,WA,0.11
Kitsap,WA,0.11
Whatcom,WA,0.1
Island,WA,0.1
Skamania,WA,0.09
Skagit,WA,0.09
Thurston,WA,0.09
Pierce,WA,0.08
Chelan,WA,0.08
Clallam,WA,0.08
Klickitat,WA,0.08
Mason,WA,0.07
Kittitas,WA,0.07
Spokane,WA,0.06
Benton,WA,0.06
Okanogan,WA,0.06
Wahkiakum,WA,0.06
Douglas,WA,0.05
Pacific,WA,0.05
Walla Walla,WA,0.05
Whitman,WA,0.05
Cowlitz,WA,0.05
Ferry,WA,0.05
Franklin,WA,0.04
Grays Harbor,WA,0.04
Lewis,WA,0.04
Grant,WA,0.04
Yakima,WA,0.03
Stevens,WA,0.03
Asotin,WA,0.02
Lincoln,WA,0.02
Columbia,WA,0.02
Adams,WA,0.02
Garfield,WA,0.02
Pend Oreille,WA,0.01
Dane,WI,0.07
Ozaukee,WI,0.06
Waukesha,WI,0.04
Door,WI,0.04
St. Croix,WI,0.04
Iowa,WI,0.04
Eau Claire,WI,0.04
Walworth,WI,0.04
Milwaukee,WI,0.03
Brown,WI,0.03
Kenosha,WI,0.03
La Crosse,WI,0.03
Polk,WI,0.03
Vernon,WI,0.03
Winnebago,WI,0.03
Jefferson,WI,0.03
Racine,WI,0.03
Sauk,WI,0.03
Portage,WI,0.03
Dunn,WI,0.03
Green,WI,0.03
Calumet,WI,0.03
Pierce,WI,0.03
Outagamie,WI,0.02
Washington,WI,0.02
Marathon,WI,0.02
Sheboygan,WI,0.02
Waupaca,WI,0.02
Columbia,WI,0.02
Dodge,WI,0.02
Juneau,WI,0.02
Rock,WI,0.02
Fond du Lac,WI,0.02
Sawyer,WI,0.02
Grant,WI,0.02
Manitowoc,WI,0.02
Washburn,WI,0.02
Waushara,WI,0.02
Wood,WI,0.02
Chippewa,WI,0.02
Rusk,WI,0.02
Menominee,WI,0.02
Buffalo,WI,0.02
Bayfield,WI,0.02
Burnett,WI,0.01
Langlade,WI,0.01
Richland,WI,0.01
Green Lake,WI,0.01
Vilas,WI,0.01
Crawford,WI,0.01
Marquette,WI,0.01
Trempealeau,WI,0.01
Pepin,WI,0.01
Douglas,WI,0.01
Marinette,WI,0.01
Oneida,WI,0.01
Iron,WI,0.01
Barron,WI,0.01
Kewaunee,WI,0.01
Oconto,WI,0.01
Ashland,WI,0.01
Monroe,WI,0.01
Price,WI,0.01
Adams,WI,0.01
Lincoln,WI,0.01
Forest,WI,0.01
Taylor,WI,0.01
Jackson,WI,0.01
Florence,WI,0.01
Lafayette,WI,0.01
Clark,WI,0
Shawano,WI,0
Jefferson,WV,0.05
Monongalia,WV,0.02
Berkeley,WV,0.02
Putnam,WV,0.02
Gilmer,WV,0.02
Cabell,WV,0.02
Ohio,WV,0.02
Kanawha,WV,0.01
Wood,WV,0.01
Monroe,WV,0.01
Mineral,WV,0.01
Morgan,WV,0.01
Greenbrier,WV,0.01
Ritchie,WV,0.01
Pocahontas,WV,0.01
Marion,WV,0.01
Preston,WV,0.01
Mason,WV,0.01
Raleigh,WV,0.01
Mercer,WV,0.01
Upshur,WV,0.01
Hardy,WV,0.01
Braxton,WV,0.01
Pendleton,WV,0.01
Tucker,WV,0.01
Grant,WV,0.01
Harrison,WV,0.01
Marshall,WV,0.01
Jackson,WV,0.01
Lewis,WV,0.01
Hancock,WV,0.01
Brooke,WV,0.01
Calhoun,WV,0.01
Hampshire,WV,0.01
Fayette,WV,0.01
Randolph,WV,0
Pleasants,WV,0
Roane,WV,0
Boone,WV,0
Mingo,WV,0
Taylor,WV,0
Wetzel,WV,0
Barbour,WV,0
Wayne,WV,0
Tyler,WV,0
Logan,WV,0
Wyoming,WV,0
Nicholas,WV,0
Summers,WV,0
Lincoln,WV,0
McDowell,WV,0
Doddridge,WV,0
Clay,WV,0
Webster,WV,0
Wirt,WV,0
Teton,WY,0.08
Laramie,WY,0.02
Albany,WY,0.02
Sweetwater,WY,0.02
Lincoln,WY,0.02
Sheridan,WY,0.02
Platte,WY,0.02
Crook,WY,0.01
Natrona,WY,0.01
Fremont,WY,0.01
Weston,WY,0.01
Uinta,WY,0.01
Campbell,WY,0.01
Big Horn,WY,0.01
Park,WY,0.01
Goshen,WY,0.01
Sublette,WY,0.01
Carbon,WY,0.01
Washakie,WY,0.01
Johnson,WY,0
Converse,WY,0
Hot Springs,WY,0
Niobrara,WY,0
